number,dead,injured,damage_somoni,note
ЧС-1999-и0124,5,,,"погибло 5 человек; 732 головы скота (падеж) — не люди, игнор"
ЧС-2004-и0145,1,,,"погиб 1 человек; 500 голов скота — не люди, игнор"
ЧС-2001-и0099,1,,,1 человек погиб
ЧС-2001-и0009,7,,,7 человек погибли
ЧС-1988-и0002,53,,,погибли 53 человека
ЧС-2003-и0025,2,,,2 человека погибло
ЧС-2001-и0083,2,,,погибли 2 человека (опечатка 'чедовека')
ЧС-1996-и0036,1,,,"погиб 1 человек; 18 хозяйств — имущество, не injured"
ЧС-1996-и0041,,,,"только скот (7 КРС, 25 МРС), людей нет"
ЧС-1996-и0048,3,,,погибло 3 человека
ЧС-1996-и0061,,,,"только скот (1562 КРС, 6876 МРС, 11 лошадей), людей нет"
ЧС-1997-и0074,1,,,"погибла мать (=1); 'пятерых детей' — описание, не жертвы; скот игнор"
ЧС-1997-и0076,2,,,2 человека погибло; 33 хозяйства — не люди
ЧС-1997-и0077,13,,,погибло 13 человек; 10 автомашин — не люди
ЧС-1998-и0041,8,,,погибли 8 человек
ЧС-1998-и0130,,,,"только перечень повреждённых объектов, жертв нет"
ЧС-2000-и0079,,,,"ущерб без числа/суммы, жертв нет"
ЧС-1998-и0167,55,,,погибло 55 человек; 21 пропал без вести — не погибшие; скот игнор
ЧС-1998-и0181,1,,,"погиб 1 человек; скот (КРС-28, МРС-220) игнор"
ЧС-1998-и0203,1,,,погиб 1 человек
ЧС-1998-и0207,1,,,погиб 1 человек; 220 хозяйств — не люди
ЧС-1998-и0240,1,,,погиб ребёнок 7 лет (=1)
ЧС-1998-и0245,1,,,погиб 1 человек; 35 хозяйств — не люди
ЧС-1998-и0249,1,,,погиб 1 человек
ЧС-1998-и0251,2,,,погибло 2 человека; дома/постройки — имущество
ЧС-1998-и0252,1,,,погиб 1 человек; 16 жилых домов — не люди
ЧС-1998-и0253,1,,,1 человек погиб; 2 ребёнка пропали без вести — не погибшие
ЧС-1998-и0255,1,,,погиб 1 человек
ЧС-1998-и0260,,,,"27 семей — имущество; скот (10 КРС, 40 МРС) игнор; людских жертв нет"
ЧС-1998-и0267,2,1,,"2 человека погибли, 1 госпитализирован в тяжёлом состоянии"
ЧС-1998-и0286,4,,,погибли 4 человека; 20 хозяйств — не люди; падеж скота без числа
ЧС-1999-и0050,10,,,погибло 10 человек
ЧС-1999-и0052,4,,,погибло 4 человека
ЧС-1999-и0053,,,18000,ущерб 18 тыс сомони = 18×1000; жертв нет
ЧС-1999-и0064,1,,,погиб 1 человек
ЧС-1999-и0066,,,,"только скот (50 голов КРС), людей нет"
ЧС-1999-и0110,20,22,,"20 человек погибло, 22 госпитализировано"
ЧС-1999-и0133,8,,,погибло 8 человек; 10 ульев — не люди
ЧС-1999-и0135,5,,,"погибли 5 человек; скот (30 КРС, 360 МРС) игнор"
ЧС-1999-и0139,19,22,,"погибли 19 человек, ранено 22; 3 пропали без вести — не погибшие; скот игнор"
ЧС-1999-и0141,5,,,"погибли 5 человек; скот (306 МРС, 30 КРС) игнор"
ЧС-1999-и0158,,,,"только скот (14 КРС, 2 МРС), людей нет"
ЧС-1999-и0170,1,,,погиб 1 человек; 32 дома — не люди
ЧС-1999-и0179,1,,,погиб 1 человек; 3 дома пострадали — имущество
ЧС-2000-и0001,1,,,погиб 1 человек
ЧС-2000-и0005,3,,,погибли 3 человека
ЧС-2000-и0017,,,,пострадал урожай (16690 га) — не люди; жертв нет
ЧС-2000-и0085,3,,,погибло 3 человека
ЧС-2001-и0006,3,,,погибло 3 человека
ЧС-2001-и0022,,,,"только скот (12 голов МРС), людей нет"
ЧС-2001-и0025,1,,,"'погиб 1 ребенок' = 1 dead. 5 КРС + 10 МРС = livestock, ignored."
ЧС-2001-и0043,1,,,'1 женщина погибла' = 1 dead. Падеж скота ignored.
ЧС-2001-и0093,1,5,,"'1 человек погиб' = 1 dead; '5 госпитализировано' = 5 injured. КРС 837/МРС 229 livestock ignored; 95 семей = property, not injured."
ЧС-2001-и0097,1,,,'погиб 1 человек'.
ЧС-2002-и0002,3,6,,"'3 человека погибло, 6 ранены'."
ЧС-2002-и0013,5,,,'погибло 5 человек'; 12 голов скота = livestock ignored.
ЧС-2002-и0119,6,,,'погибло 6 человек'.
ЧС-2002-и0125,,,72250,'72250 сомони' damage. No human casualties mentioned.
ЧС-2002-и0128,,,150000,'150000 сомони' damage. No human casualties.
ЧС-2002-и0130,,,,"32 дехканских хозяйства = farms/property, not injured people. 83900 saplings = plants, not people. No human casualties."
ЧС-2002-и0182,,,,"20 голов МРС = livestock only, ignored. No human casualties."
ЧС-2002-и0191,4,,,'Погибло 4 человека'; 2 головы крс = livestock ignored.
ЧС-2002-и0192,1,,,'погиб 1 человек'; падеж скота ignored.
ЧС-2002-и0201,1,,,'погиб 1 человек'.
ЧС-2002-и0222,4,,,'погибли 4 чедовека' (typo for человека) = 4 dead.
ЧС-2002-и0223,1,,,'погиб 1 человек'.
ЧС-2002-и0214,1,,,'под обвалом погиб 1 человек'.
ЧС-2002-и0232,24,,,"'24 человек погибли' = 24 dead. '461 человек остались без крова' = homeless, not injured. 75 хозяйств = property."
ЧС-2003-и0008,1,,,'1 человек погиб'.
ЧС-2003-и0012,2,,,'погибло 2 человека'.
ЧС-2003-и0014,7,,,'Погибло 7 человек'.
ЧС-2003-и0016,7,,,'погибло 7 человек'.
ЧС-2003-и0017,4,,,'4 человека погибло'.
ЧС-2003-и0019,3,,,'3 человек погибло'.
ЧС-2003-и0021,1,1,,'погиб 1 человек' = 1 dead; '1 помещен в больницу' = 1 hospitalized/injured.
ЧС-2003-и0024,1,,,'погиб 1 человек'.
ЧС-2003-и0065,1,,,'погиб 1 человек'.
ЧС-2003-и0068,1,,,'1 человек погиб'; 60 домов = property; падеж скота ignored.
ЧС-2003-и0069,1,,,'погиб 1 человек'; падеж скота ignored.
ЧС-2003-и0071,1,,,'1 человек погиб'.
ЧС-2003-и0073,1,,,'Погиб 1 ребенок'; падеж скота ignored.
ЧС-2003-и0090,1,,,'погиб 1 человек'.
ЧС-2003-и0121,1,,,'погиб 1 человек'.
ЧС-2003-и0139,2,,,'2 человека погибло то удара током'; 10 крс/85 мрс livestock ignored; 115 семей = property.
ЧС-2003-и0161,3,,23000,'3 человек погиблы' = 3 dead; 'Ущерб 23 тыс. сомони' = 23000. 514 домов = property.
ЧС-2003-и0163,,,,"Text ends with 'погиб' but no number given; ambiguous, so null. Падеж скота 23 = livestock ignored."
ЧС-2003-и0172,3,,,'Погибло 3 человека'; livestock 10+13 ignored.
ЧС-2003-и0186,2,5,,'2 человека погибло и 5 получили ранения'; livestock 20 крс/30 мрс ignored.
ЧС-2004-и0004,2,,,'погибло 2 человека'.
ЧС-2004-и0005,2,,,'погибло 2 человека'; падеж скота ignored.
ЧС-2004-и0006,3,,,'погибло 3 человека'.
ЧС-2004-и0011,1,,,'1 человек погиб'.
ЧС-2004-и0013,2,,,'2 человека погибло'.
ЧС-2004-и0019,1,,,'1 человек погиб'.
ЧС-2004-и0097,4,,,'погибло 4 человека'.
ЧС-2004-и0112,1,,,'1 человек погиб'; 27 МРС/14 КРС livestock ignored.
ЧС-2004-и0119,1,25,,'1 человек погиб' = 1 dead; '2 госпитализировано' + '23 получили ранения' = 25 injured.
ЧС-2004-и0135,1,,,'погиб 1 человек'.
ЧС-2004-и0138,1,,,'Погиб 1 ребенок'; 452 голов МРС livestock ignored.
ЧС-2004-и0139,1,1,,'Погиб 1 ребенок' = 1 dead; '1 ранен' = 1 injured; 200 голов МРС livestock ignored.
ЧС-2005-и0068,,,,"'погиб скот' — livestock, not people. No human casualties stated."
ЧС-2004-и0168,2,,,'погибли 2 рабочих ДЕУ' = 2 workers died.
ЧС-2004-и0171,2,,,'Погибли 2 чел.'
ЧС-2005-и0001,7,,,'погибло 7 чел'
ЧС-2005-и0008,1,,,'погиб ребенок' = 1 child died.
ЧС-2005-и0011,,,320000,320 тыс сомони = 320000. No human casualties.
ЧС-2005-и0012,1,,,'погиб один ребенок' = 1 child.
ЧС-2005-и0015,,,436000,436 тыс. сомони = 436000.
ЧС-2005-и0019,1,,,'погиб 1 человек'
ЧС-2005-и0024,10,3,,"'погибли 10 чел., ранены 3'"
ЧС-2005-и0029,,1,,'погиб весь скот' = livestock (ignore); 'ранен 1 чел.' = 1 injured person.
ЧС-2005-и0030,1,,,'погиб 1 чел.'
ЧС-2005-и0031,,,5000,5 тыс. сомони = 5000.
ЧС-2005-и0034,1,,,'погиб 6 летний ребенок' = 1 child.
ЧС-2005-и0051,,,,"'шофер и пасажиры погибли' — number not specified, do not guess."
ЧС-2005-и0063,,,,"'погиб скот' — livestock only, no people."
ЧС-2005-и0099,3,,,'погибли 3 чел.'
ЧС-2005-и0100,1,,,'погиб 1 чел.'
ЧС-2005-и0109,1,,,425/223 голов скота = livestock (ignore); 'погиб 1 чел.' = 1 person.
ЧС-2005-и0116,1,,,'погиб 1 чел.'
ЧС-2005-и0123,,,,Only livestock (КРС/МРС) and property; no human casualties.
ЧС-2005-и0142,1,,,'погибла жительница' = 1 woman resident died.
ЧС-2005-и0132,1,,,'погибла жительница дж. Калаи Баланд' = 1 resident died. Damaged homes are property.
ЧС-2005-и0141,,,,"'погибло 152 голов скота' = livestock only, no people."
ЧС-2005-и0148,,,,"Only property damage, no casualties."
ЧС-2005-и0220,1,2,,"'погиб один и ранено двое' = 1 dead, 2 injured."
ЧС-2005-и0153,5,,,"'погибло 5 человек'. '374 хозяйств' = households (property), not injured."
ЧС-2005-и0154,2,,,'погибло 2 детей' = 2 children.
ЧС-2005-и0157,,,42500,"42,5 тыс. сомони = 42500."
ЧС-2005-и0160,,,43000,43 тыс сомони = 43000.
ЧС-2005-и0162,5,,,'Погибло 5 человек'; 126 голов скота = livestock (ignore).
ЧС-2005-и0163,5,,,'погибли 5 чел.'
ЧС-2005-и0221,0,,,'погибших нет' = no deaths (0).
ЧС-2005-и0208,1,,,'погиб 1 человек'
ЧС-2005-и0213,6,,,'Погибло 6 человек.'
ЧС-2005-и0214,6,,,'погибло 6 человек'
ЧС-2006-и0014,1,,,"11 caught in avalanche, 10 rescued, '1 погиб' = 1 died."
ЧС-2006-и0015,15,,,'15 - погибли'. 5 not found = missing (not counted as dead).
ЧС-2006-и0016,18,,,'18 человек погибло'. 228 голов скота/291 птицы = livestock (ignore).
ЧС-2006-и0019,,,,3 people caught in avalanche but no death/injury stated; livestock (КРС/МРС) died — ignore.
ЧС-2006-и0024,1,,,'погиб 1 человек'. '11-4' refers to homes.
ЧС-2006-и0025,3,,,'погибло 3 человека'
ЧС-2006-и0026,1,,,'Погиб 1 человек.'
ЧС-2006-и0033,4,,,'погибло 4 человека.'
ЧС-2006-и0043,3,,,'погибло 3 человека'
ЧС-2006-и0044,1,,,'погиб 1 человек'; 'падеж скота' = livestock (ignore).
ЧС-2006-и0066,3,,,"'погибло 3, человека'. '1 скончался в б[ольнице]' text truncated/ambiguous — counting explicit 3."
ЧС-2007-и0023,2,2,,'погибло 2 и госпитализировано 2 человека'. Livestock падеж (2000 МРС/30 КРС) ignored; 72 семьи = households (property).
ЧС-2007-и0036,1,,,'погиб 1 ребенок' = 1 child.
ЧС-2007-и0046,1,2,,'погибла женщина' = 1 dead; '2-е детей госпитализированы' = 2 injured. 19 хозяйств = households (property).
ЧС-2007-и0063,1,,,'погиб 1 человек'
ЧС-2007-и0079,3,,,'3 человека погибло'; damage to houses/land not quantified in somoni
ЧС-2007-и0099,3,1,,"'3человека погибло, 1 госпитализирован'"
ЧС-2007-и0100,12,10,,"'12 человек погибло, 10 госпитализировано'; падеж скота ignored"
ЧС-2007-и0106,1,,,'погиб 1 ребенок'
ЧС-2007-и0118,1,,,'погиб 1 человек'
ЧС-2007-и0128,3,,,'погибло 3 человека'
ЧС-2008-и0011,1,,,"'1 погиб'; '2 спасено' = rescued, not injured"
ЧС-2008-и0015,1,,,'погибла девочка 13 лет'
ЧС-2008-и0016,2,,,'погибло 2 человека'
ЧС-2008-и0019,1,,,'погиб 1 человек'
ЧС-2008-и0022,1,,,"'1 погиб'; '2 спасены' = rescued, not injured"
ЧС-2008-и0024,1,,,'погиб 1 человек'
ЧС-2008-и0027,1,,,'погибла 1 женщина'
ЧС-2008-и0041,2,1,,"'погибло 2 человека, 1 госпитализирован'"
ЧС-2008-и0042,1,,,'погиб 1 человек'; 13 голов КРС ignored
ЧС-2008-и0049,1,,,'погиб ребёнок 11 лет'
ЧС-2008-и0092,,,,no human casualties or amount
ЧС-2008-и0093,,,,no human casualties or amount
ЧС-2008-и0107,16,,,'погибло 16 человек'
ЧС-2008-и0118,2,,,'погибло 2 человека'
ЧС-2008-и0134,1,,,'погиб 1-человек'
ЧС-2009-и0010,6,,,'погибли 6 человек'
ЧС-2009-и0016,1,,,'погиб 1- человек'
ЧС-2009-и0025,,,,"only livestock (18 МРС, 2 КРС), no humans"
ЧС-2009-и0041,2,4,,'погибло 2 человека и 4 человека нуждаются в мед.помощи'
ЧС-2009-и0057,3,1,,'Погибло 3 человека... 1 человек... госпитализирован'
ЧС-2009-и0051,1,,,'погибла женщина (35)лет'
ЧС-2009-и0054,,,,"36 голов КРС ignored; 'пострадали 80 жилых домов' = property, not people"
ЧС-2009-и0077,1,3,,"'пострадали 4 человека. Один погиб, троя госпитализированы'"
ЧС-2009-и0078,,,,"only livestock (46 КРС, 41 МРС); damaged house = property"
ЧС-2009-и0079,,,,"only livestock (6 МРС), no humans"
ЧС-2009-и0080,1,2,,"'пострадали 3 человека. Один погиб, двоя в шоковом состоянии'"
ЧС-2009-и0081,3,,,'погибли 3 человека'
ЧС-2012-и0174,1,,,'погиб 1 человек'
ЧС-2010-и0006,3,,,'погибли троя рабочих'
ЧС-2010-и0015,1,,,'погиб житель кишлака'
ЧС-2010-и0016,1,,,'погиб житель р-на Гончи'
ЧС-2010-и0017,8,,,'погибли 8-мь человек'
ЧС-2010-и0023,5,,,'погибло 5 людей'
ЧС-2010-и0036,1,,,'Хайдаров М. погиб'
ЧС-2010-и0059,1,,,'погиб 1 человек'
ЧС-2010-и0068,1,,,'погиб один человек'
ЧС-2010-и0073,1,6,,'погиб 1 житель... и 6 пострадавших'
ЧС-2010-и0095,1,,,'погиб 1 человек'; livestock (КРС/ослы/МРС) ignored
ЧС-2011-и0014,,,,"only livestock (12 голов скота), no humans"
ЧС-2011-и0030,,,,"only livestock (8 голов КРС), no humans"
ЧС-2011-и0034,,,,"only livestock (46+70 голов КРС), no humans"
ЧС-2011-и0036,1,,,'погиб 1 человек'
ЧС-2011-и0042,1,4,,"'пострадали 4 человек, а также 1 человек погиб'"
ЧС-2011-и0047,2,,,"2 жителя погибли; 400 баранов — животные, исключены."
ЧС-2012-и0011,1,,,погиб 1 человек.
ЧС-2012-и0017,2,,,погибло 2 человека.
ЧС-2012-и0018,5,1,,"погибло 5, 1 госпитализирован."
ЧС-2012-и0031,1,,,"упало дерево, погиб 1 человек."
ЧС-2012-и0036,0,0,,"6 человек извлечены живыми, погибших и раненых нет."
ЧС-2012-и0039,0,,,Погибших нет; про раненых не сказано.
ЧС-2012-и0042,,,,"Только скот (19 КРС, 32 МРС) и имущество; о людях не сказано."
ЧС-2012-и0043,1,,,погиб 1 человек.
ЧС-2012-и0045,1,,,"1 погиб, остальные спасены (не ранены)."
ЧС-2012-и0059,,,,Только 15 голов МРС — животные.
ЧС-2012-и0062,,,,"Только скот (3 КРС, 8 МРС, 1 конь) и имущество."
ЧС-2012-и0068,,,,"Скот (2 КРС, 10 МРС) и имущество; жители эвакуированы, о жертвах не сказано."
ЧС-2012-и0076,3,1,,"3 погибли, 1 госпитализирован, 1 спасен."
ЧС-2012-и0086,1,,,погиб 1 человек.
ЧС-2012-и0095,1,,,погиб 1 человек; падеж скота исключён.
ЧС-2012-и0096,1,,,погиб 1 человек; падеж скота исключён.
ЧС-2012-и0100,1,,,погиб 1 человек.
ЧС-2012-и0115,1,,,погиб 1 человек.
ЧС-2012-и0142,1,7,,"1 погиб, 7 госпитализировано с ранениями."
ЧС-2012-и0149,,,,"Скот (9 КРС, 28 МРС) и разрушения домов/школ; о людях не сказано."
ЧС-2012-и0150,1,,,"погиб 1 человек; 14/70 хозяйств — имущество, не раненые."
ЧС-2012-и0162,2,3,,"2 погибло (женщина и ребёнок), 3 госпитализировано."
ЧС-2012-и0169,,,150000,Падеж 8 КРС; ущерб 150 000 сомони; о людях не сказано.
ЧС-2012-и0209,,,,Только 200 голов МРС — животные.
ЧС-2012-и0225,,,,Только 4 головы КРС — животные; дороги/мост.
ЧС-2012-и0229,0,,,Смыт мост; «Жертв нет» (погибших 0).
ЧС-2012-и0237,3,,,погибло 3 человека.
ЧС-2013-и0003,2,,,погибло 2 человека.
ЧС-2013-и0009,1,,,Доробшоҳи Баҳромзода — ба ҳалокат мерасад (1 погиб).
ЧС-2013-и0031,,,,Дерево упало на автомашину; о жертвах не сказано.
ЧС-2013-и0020,1,,,Акбаров Комилҷон — ба ҳалокат мерасад (1 погиб).
ЧС-2013-и0022,,,,"Камнепад на автомашину; текст обрывается, исход не указан."
ЧС-2013-и0023,,,,"Сель повредил ж/д, посевы; только материальный ущерб."
ЧС-2013-и0028,,,,"6 нафар бедарак (пропали без вести), 1 выплыл; гибель не подтверждена."
ЧС-2013-и0029,1,,,Чабан Каримбердиев под лавиной; найден ҷасад (1 погиб).
ЧС-2013-и0030,,,,"Обвал перекрыл дорогу; 20 нафар — спасатели/рабочие, не жертвы."
ЧС-2013-и0034,,,,"УАЗ упал в р. Вахш; назван подполковник Назаров, но факт гибели в тексте обрывается — не указан явно."
ЧС-2013-и0035,2,,,"Ёдгоров утонул (ҷасад), также найден ҷасади Нишонов — 2 тела."
ЧС-2014-и0010,1,1,,"1 погиб, 1 ранен."
ЧС-2013-и0059,,,,Землетрясение; повреждены школы; о жертвах не сказано.
ЧС-2014-и0003,,,,"14 нафар под лавиной, спасались водителями/пассажирами; исход обрывается, гибель не указана."
ЧС-2014-и0004,,,,"Ярч: 5 под завалом, 4 извлечены, судьба 1-го текст обрывается — явно не указана."
ЧС-2014-и0012,,,,5 работников заблудились из-за снега/тумана; исход обрывается.
ЧС-2015-и0001,0,0,,"Камнепад на дом; 8 членов семьи, никто не пострадал."
ЧС-2015-и0003,0,0,,Камень ~2.5т на дом; в момент никого из семьи в доме не было.
ЧС-2015-и0007,,,,Газовоз под лавиной в ущелье; судьба водителя не указана (обрыв).
ЧС-2015-и0008,,,,"Лавина на «Газель»; текст обрывается, исход не указан."
ЧС-2015-и0010,,,,"Два охотника; текст обрывается, исход не указан."
ЧС-2015-и0015,,,,"2 техники с 3 рабочими застряли в реке, ведётся спасение; жертв не указано."
ЧС-2015-и0017,,,,"Named 3 residents of Qayroqqum; text truncated with no explicit death/injury verb — outcome unknown, null per rules."
ЧС-2018-и0182,1,,,Boy b.2007 fell into Kofarnihon river and drowned (ба дарё афтида ѓарќ мешавад) = 1 dead.
ЧС-2015-и0023,10,,,10 villagers (10-нафар) repairing pipes buried under landslide (ярч) and died (ба њалокат мерасанд); 1 body recovered so far.
ЧС-2015-и0026,,,36000,Landslide; 36 њазор сомонї explicitly stated as value of 2400 m power lines/11 poles = 36000. No human casualties.
ЧС-2015-и0109,0,,,"Flood hit near-yard land of 6 citizens, ~600-700 m road washed; explicitly no loss of life (талафоти љони ... нашудааст). 6 нафар = affected landowners, not injured."
ЧС-2015-и0048,,,,"Flood killed ~20 head of small livestock (моли майда) — animals, not people; ignored per rules."
ЧС-2015-и0052,1,7,,Lightning at funeral killed woman Turdiboeva (ба њалокат расида)=1; 7 others (7 нафари дигар) injured and hospitalized.
ЧС-2015-и0055,,,,Flood damaged bridges and crops; no casualties or damage amount stated.
ЧС-2015-и0071,,,,Barsem glacial flood formed artificial lake; '35 хон[а]' (houses) truncated; no explicit casualties.
ЧС-2015-и0080,3,,,"Vehicle with 13 passengers hit by flood; 8 rescued, 3 bodies found (3 љасад)=3 dead, 2 missing (бе ному нишон) not counted."
ЧС-2015-и0107,,,,"909 нафар = village population (244 households), not casualties; flood entered 1 mosque + 15 houses. No deaths/injuries stated."
ЧС-2015-и0112,,,,20 m road destroyed; 30 нафар = mobilized residents/workers; no casualties or amount.
ЧС-2015-и0115,,,,Forest fire ~1 ha; 60 нафар = firefighters; no casualties.
ЧС-2016-и0014,,,,River changed course threatening to wash land; no casualties or amount.
ЧС-2016-и0048,,,,Flood caused major damage to agriculture/livestock/enterprises; no casualty numbers or amount stated.
ЧС-2016-и0051,,,,"Bridge pillar tilted, 70 m of riverbank washed; no casualties or amount."
ЧС-2016-и0062,,,,"Canal dam breach, 110 ha farmland flooded, 4 poles destroyed, 30+ households affected; no casualties or amount."
ЧС-2016-и0098,,,,"2 employees in NIVA trapped under rockfall (таги сангпора монда); no explicit death verb, text truncated — outcome unknown."
ЧС-2016-и0136,,,,"Isfara flood, material damage to infrastructure/agriculture; no casualty numbers or amount."
ЧС-2017-и0007,,,,"Vehicle went off road and fell 130-150 m; driver + 2 passengers, outcome truncated, no explicit death/injury."
ЧС-2017-и0018,,,,"1 named person buried under avalanche while walking (зери тарма мемонад); death not explicitly confirmed, truncated."
ЧС-2017-и0020,,,,"Traffic accident on Vahdat-Rasht highway; outcome not stated, truncated."
ЧС-2017-и0025,5,,,5 bodies (5-љасад) recovered from under avalanche at km 70 Dushanbe-Khujand; 17 нафар = rescuers.
ЧС-2017-и0038,3,,,3 bodies of deceased (3-љасади фавтидагон) recovered from under avalanche at km 69; 3 нафар = rescuers.
ЧС-2017-и0040,,,,"Avalanches at multiple km, traffic halted; no casualties."
ЧС-2018-и0366,,,,Car fell into Dushanbe river; driver reported incident himself (survived); no casualties stated.
ЧС-2017-и0069,,,,Building fire 150 sq m; 30 нафар firefighters + 6 нафар rescue team; no casualties.
ЧС-2017-и0079,,,,Avalanches close highway; IRS tractor and vehicles stuck; no human casualties (28 trucks/14 cars = property).
ЧС-2017-и0080,,,,Avalanches block Vahdat-Rasht-Lakhsh road; only equipment mentioned; no casualties.
ЧС-2017-и0083,,,,"Avalanche caught 1 citizen (Jangiev), but 'хушбахтона' (fortunately) indicates he survived; no confirmed casualties."
ЧС-2017-и0085,,,,"3 households / 17 нафар affected by avalanche = household members, not casualties; no death/injury stated."
ЧС-2017-и0105,6,1,,Traffic accident: 6 нафар died at scene (ба њалокат расида)=6; 1 нафар in serious condition hospitalized = injured.
ЧС-2017-и0108,,,,"Pajero accident at km 443; outcome not stated, truncated."
ЧС-2017-и0124,1,,,1 body (як љасад) found in 25 m ravine; 5 нафар = rescuers.
ЧС-2017-и0133,,,,"Rockfall damaged house of family of 4 (аъзои оила чор нафар) = property/household affected, not injured; no casualties."
ЧС-2018-и0232,1,,,Boy b.2010 drowned in Hisor canal (ѓарќ мешавад)=1 dead; 5 нафар = rescuers.
ЧС-2017-и0135,,,,Landslides threaten village population (threat only); no casualties or amount.
ЧС-2017-и0179,0,,,"Rockfall destroyed house, family of 19 (household); explicitly loss of life not registered."
ЧС-2017-и0144,0,,,"Landslide threat to 2 households, people evacuated to safety; explicitly no loss of life registered."
ЧС-2017-и0145,0,0,,"Landslide destroyed house, family of 6; explicitly no loss of life and no physical injury registered (талафоти љонї ва зарари љисмонї нашуд)."
ЧС-2017-и0146,,,,Rockfall partially damaged house (family of 6) + warehouse/workshop/pole; no casualties stated (property damage).
ЧС-2017-и0150,0,,,"Rockfall partially damaged house, family of 5; explicitly no loss of life registered."
ЧС-2017-и0152,,,,Landslide blocked 150 m local road; no casualties or amount.
ЧС-2018-и0282,,5,,"Lightning damaged house; 5 нафар family members got various physical injuries (љароњатњои ... бардоштанд), hospitalized."
ЧС-2017-и0155,,,,"Landslide damaged walls of residence, family of 12 (household); no casualties stated."
ЧС-2017-и0171,,,,Avalanche cut main drinking-water pipe; no casualties or amount.
ЧС-2017-и0182,,,,Rockfall/landslide destroyed ~60 m road; 7 нафар = work group incl. deputy minister; no casualties.
ЧС-2017-и0187,,,,"Flood destroyed house (4 families, 15 нафар household) + 5 auxiliary structures; household members, not casualties."
ЧС-2017-и0194,,,,3000 m3 landslide covered road/canal; 30 нафар = mobilized workers; no casualties.
ЧС-2017-и0196,,,,"Flood/hail killed 11 head of small livestock (моли майда) — animals, not people; crop/orchard damage only."
ЧС-2017-и0206,1,,,"Ноболиг Эргашов Шарофиддин (2012 г.р.) утонул в канале у дома, тело найдено 500 м ниже."
ЧС-2017-и0208,,,,Землетрясение; жертвы и сумма ущерба не указаны.
ЧС-2017-и0217,,,,"ДТП, столкновение двух авто; исход в тексте обрезан."
ЧС-2017-и0218,,,,"Паводок р. Гурумбак повредил дом; '4-нафар' — состав семьи, не жертвы; сумма не указана."
ЧС-2017-и0220,,,,Сель повредил дом и 2 подсобных здания; '17 нафар' — состав семьи; сумма не указана.
ЧС-2017-и0224,,,,Паводок повредил стены дома; '11-нафар' — состав семьи; сумма не указана.
ЧС-2017-и0225,,,,"ДТП (Mercedes Sprinter), км 117; исход обрезан ('ба садам...')."
ЧС-2017-и0229,,,,"Авто (Волга) упало в овраг ~300 м; исход обрезан ('Дар натиља рон...'), не подтверждён."
ЧС-2018-и0283,1,,,"Женщина ~20-21 г. упала с катамарана и утонула; '5 нафар' — спасатели, не жертвы."
ЧС-2017-и0231,1,,,"Погрузчик опрокинулся в овраг ~150 м, водитель погиб на месте ('ба ҳ[алокат мерасад]')."
ЧС-2017-и0238,,,,"3 иранских альпиниста; текст обрезан, исход/судьба не указаны (не подтверждено)."
ЧС-2017-и0239,2,,,"Двое детей (2004 и 2009 г.р.) у водохранилища «Бахри Тоҷик» из-за недосмотра, утопление ('обб...'); текст обрезан, оба — субъекты события."
ЧС-2017-и0240,1,,,Прапорщик Зарипов (1994 г.р.) утонул при купании.
ЧС-2017-и0246,,,,"Река «Ҷар» размыла часть кладбища; '25 қабри калонсол' — это могилы, НЕ погибшие люди."
ЧС-2017-и0277,,,,Двое на гидроцикле в «Бахри Тоҷик» потеряли управление; исход обрезан.
ЧС-2017-и0284,3,,,При рытье колодца погибли 3 человека ('3-нафар ба ҳалокат мерасанд'): хозяин Эрматов + 2 наёмных рабочих.
ЧС-2017-и0287,,,,"Сломалась карусель («лодка») в парке; исход обрезан ('Дар нат...'), жертвы не указаны."
ЧС-2017-и0295,0,,,5 несовершеннолетних спасены живыми из водохранилища ('зинда наҷот дода шуданд'); погибших нет.
ЧС-2017-и0296,3,,,Опрокинулась моторная лодка на озере; 'Дар натиља 3 нафар шаҳрвандон' — список из 3 человек; текст обрезан.
ЧС-2017-и0301,,,,Столкновение Opel Karavan и Mercedes-Benz; исход обрезан.
ЧС-2017-и0302,,,,Ветер повалил дерево на авто; пострадавшие люди не указаны.
ЧС-2017-и0327,2,,,"Opel Astra врезался в дерево, 2 человека погибли ('2 нафар ба ҳалокат мерасанд')."
ЧС-2017-и0324,1,,,"Самоубийство: женщина прыгнула с моста в р. Сырдарья, тело найдено ~3 км ниже."
ЧС-2018-и0312,,,,Авто (Opel Vectra) съехало в р. Варзоб; исход обрезан ('сарозе...').
ЧС-2017-и0329,0,,,Обрушилась стена/часть крыши дома; явно 'Талафоти ҷонӣ ба қайд гирифта нашудааст' — жертв нет; '4-нафар' — семья.
ЧС-2017-и0339,,,,"Пожар на рынке «Корвон»; '19 нафар', '6 нафар' — пожарные/спасатели, не жертвы; сумма не указана."
ЧС-2017-и0340,3,2,,"Авто (Opel) упало в р. Сурхоб: '3 нафар ба ҳалокат расида, 2 нафар бо ҷароҳатҳо' — 3 погибших, 2 ранены."
ЧС-2017-и0347,,,,Сель вошёл в несколько сёл; жертвы и сумма ущерба не указаны.
ЧС-2017-и0373,,,,"Hyundai Starex потерял управление, км 51; исход обрезан."
ЧС-2017-и0362,2,,,Авто (Opel Astra) в овраг ~100 м; 2 пассажира (2014 и 1991 г.р.) погибли по дороге в больницу; судьба водителя обрезана.
ЧС-2017-и0364,,,,"Opel Zafira, ДТП, км 37; исход обрезан ('ба садама дуч...')."
ЧС-2017-и0366,1,,,Найдено тело неизвестного мужчины ~50-55 л. в арыке у центра «Обшорон».
ЧС-2017-и0410,1,,,Ноболиг Меҳрубони Ҷурахон утонул при купании ('ба ғарқшавӣ дучор гардид').
ЧС-2017-и0376,3,,,"На берегу р. Кофарнихон найдены тела 3 человек: 1 мужчина, 1 женщина, 1 ребёнок."
ЧС-2017-и0381,,,,"Авто врезалось в столб; '1 нафар мусофир худро аз дохи...' — исход обрезан, не подтверждён."
ЧС-2017-и0385,1,,,Найдено тело неизвестного мужчины ~35-40 л. на берегу р. Душанбе (мкр. Лучоб).
ЧС-2017-и0389,,,,"Гражданин Бобоев в пути по дороге, км 30; текст обрезан ('бо...'), исход не указан."
ЧС-2017-и0394,1,,,Давлатов Абдулло (1995 г.р.) утонул в р. Кофарнихон при купании; '5-нафар' — спасатели.
ЧС-2017-и0395,,,,Opel Astra потерял управление; исход обрезан ('на...').
ЧС-2017-и0399,2,,,"Двое купались в запрещённом месте и утонули ('ду нафар ... ғарқ мешаванд'); найдено тело одной, ищут второго."
ЧС-2017-и0403,,,,"Двое рабочих застряли в строительном коробе ('дармемонанд'); исход обрезан, не подтверждён; '5-нафар' — спасатели."
ЧС-2017-и0411,,,,"Mercedes-Benz на высокой скорости; текст обрезан, исход не указан."
ЧС-2017-и0425,,,,"Opel Zafira потерял управление, км 67; исход обрезан."
ЧС-2017-и0428,,,,"Грузовик Porter, столкновение, км 48; исход обрезан."
ЧС-2017-и0437,,,,Пожар в доме (150 кв.м); '19-нафар' — пожарные; сумма ущерба не указана.
ЧС-2017-и0439,,,,"Changhu съехало к реке, км 38; исход обрезан ('ба дарёи Р...')."
ЧС-2017-и0445,,,,"Starex в пути (Роштқалъа-Хоруг), км 28; текст обрезан, исход не указан."
ЧС-2017-и0448,,,,"Opel Astra в овраг, км 84; исход обрезан ('ба љар...')."
ЧС-2017-и0449,1,,,Ребёнок Муҳиддинзода (2008 г.р.) утонул в водозаборе насоса ('ғарқ мешавад').
ЧС-2017-и0454,,,,"Niva в овраг ~10 м, км 42; исход обрезан ('ба...')."
ЧС-2017-и0469,,,,Пожар в общежитии института; в видимом (оборванном) тексте жертвы не указаны.
ЧС-2017-и0463,1,,,"Ребёнок (т.р. 2009) утонул при купании в карьере Норак; '4 нафар' — состав спасотряда, не жертвы."
ЧС-2017-и0465,,,,"ДТП (Opel Zafira), текст оборван, число пострадавших не указано."
ЧС-2017-и0476,,6,,"ДТП пьяного водителя, столкновение: '6-нафар' получили различные травмы (ранены)."
ЧС-2017-и0479,,,,"ДТП (РАФ), текст оборван, жертвы не указаны."
ЧС-2017-и0481,1,,,"Рабочий (т.р. 1983) упал в ёмкость с мазутом, погиб на месте ('ба њалокат мерасад')."
ЧС-2017-и0498,,,,"ДТП (Mercedes-Benz) на км 611, текст оборван, жертвы не указаны."
ЧС-2017-и0506,,,,"ДТП (Musso), текст оборван на 'бинобар сабаби', жертвы не указаны."
ЧС-2017-и0507,,,,"ДТП (Opel Astra) в тоннеле Шахристон, текст оборван, жертвы не указаны."
ЧС-2017-и0514,,,,"Газовоз (25 т газа) на км 51, текст оборван, жертвы не указаны."
ЧС-2017-и0519,,,,"ДТП (Toyota Corolla), текст оборван, жертвы не указаны."
ЧС-2017-и0520,,2,,Двое (Норматов + Норматова) обратились в инфекционную больницу с симптомами отравления; считаю как 2 пострадавших/госпитализированных.
ЧС-2018-и0006,,,,"Камнепад перекрыл дорогу; далее авто 'Старекс' с 3 пассажирами, исход оборван, жертвы не указаны."
ЧС-2018-и0009,,,,"Столкновение 7 машин в тумане; '1-нафар' работник АРС Шоибов (т.р.1956), но глагол исхода (погиб/ранен) оборван — не определяю."
ЧС-2018-и0013,1,,,"Найден труп мужчины (~50-55 лет) в колодце; '7-нафар' — спасотряд, не жертвы."
ЧС-2018-и0015,1,,,"Пожар в доме; погиб 1 член семьи (Бунёди Саидшо, т.р.1998). '4 нафар' — состав семьи, не жертвы."
ЧС-2018-и0021,,,,"Пожар на ул. Коргар; '4-нафар' — сотрудники ДМЗН, жертвы не указаны."
ЧС-2018-и0023,,9,,9 жителей с. Шитхарв госпитализированы ('бистари гардиданд') с гепатитом-В.
ЧС-2018-и0039,,,,"Лавина (тарма) перекрыла дорогу, жертв нет."
ЧС-2018-и0040,,,,"Авто (Honda) упало в пропасть 420 м, текст оборван на 'Дар на...', жертвы не указаны."
ЧС-2018-и0042,,,,"ДТП Opel Astra + грузовик Урал, текст оборван, жертвы не указаны."
ЧС-2018-и0051,1,,,Кодиров Абдулло (т.р.1994) утонул в искусственном озере ('ѓарќ шудааст').
ЧС-2018-и0053,,,,"Лавина на км 71; '7-нафар' — спасотряд, жертв нет."
ЧС-2018-и0054,,,,"Лавина на км 72; '4-нафар' — спасотряд, жертв нет."
ЧС-2018-и0070,1,,,Найден труп неизвестного мужчины (~45-50 лет) в канале Гисар.
ЧС-2018-и0078,,7,,"Бродячая собака покусала 7 человек, госпитализированы; собака — животное, но пострадавшие — люди (7)."
ЧС-2018-и0082,,,,Ребёнок (т.р.2013) пропал без вести при игре у дома — пропавший без вести не считается погибшим.
ЧС-2018-и0089,,,,"Авзалов (т.р.1957) на личном авто, текст оборван, исход не указан."
ЧС-2018-и0091,1,,,"Ребёнок (т.р.2012) упал в р. Лучоб, утонул; тело найдено. '7 нафар' — спасотряд."
ЧС-2019-и0271,,,,"Взрывные работы, осколки камней повредили дома/имущество (стёкла авто); названы владельцы имущества, глагола ранения нет; сумма ущерба не указана."
ЧС-2018-и0147,,,,"Сель размыл дорогу (км 145), движение перекрыто; жертвы не указаны."
ЧС-2018-и0116,2,,,Двое несовершеннолетних (т.р.2006 и 2003) погибли под водопропускным лотком ('ба њалокат мерасанд'). '12 нафар' — спасотряд.
ЧС-2018-и0326,7,,,ЗИЛ упал в ущелье; из 12 человек в машине 7 погибли на месте ('7-нафараш ... ба њалокат').
ЧС-2018-и0122,,,,"Человек застрял/испугался на высоте >800 м, спасён; травм/гибели не указано."
ЧС-2018-и0125,,,,"Столкновение грузовика и легкового авто, текст оборван, жертвы не указаны."
ЧС-2018-и0327,,2,,ДТП; двое граждан Хорватии (Дарко и Ведор Богечо) получили лёгкие телесные травмы.
ЧС-2018-и0142,1,,,"Сель; погибла Девлохова Оиша (т.р.2016) на руках матери. Возможен 2-й погибший (Асламова Сафина, т.р.2014), но текст оборван — считаю только подтверждённого 1."
ЧС-2018-и0145,,,,"Сель, затоплено 70 приусадебных участков; выделен 1 гражданин (Одинаев, т.р.1993, 'аз беэњтиётї зер...'), но глагол исхода оборван — не определяю."
ЧС-2018-и0146,,,,"Сель, затоплено ~24 га посевов, 10 участков и часть больницы; человеческих жертв нет."
ЧС-2018-и0151,,,,"Сель, но населению ущерб не нанесён ('зарар нарасонидааст'); '12-нафар' — спасатели."
ЧС-2018-и0156,,,,"Названы 4 человека (семья Хусейнова/Джумаевы, с. Маргзор), но исход/событие оборвано — исход не определяю."
ЧС-2018-и0160,,,,"Запах газа на предприятии, выезд спасателей; жертв нет."
ЧС-2018-и0167,,,,"Пожар в ТЦ Султони Кабир; числа '10 нафар'/'7 нафар' — спасатели, жертвы не указаны."
ЧС-2018-и0174,1,,,"Ребёнок (т.р.2016) упал в канал ГМК, утонул ('ѓарќ мешавад')."
ЧС-2018-и0169,,2,,"Взрыв газового баллона; 2 человека ранены (Сангов, Давлатов)."
ЧС-2018-и0171,1,,,"Ребёнок (т.р.2014) упал в р. Вахш, утонул ('ѓарќ мешавад')."
ЧС-2018-и0186,1,,,Ребёнок (т.р.2008) утонул в канале Дашти Шур. '6 нафар' — спасотряд.
ЧС-2018-и0188,5,,,"Авто Нива-Шевроле упало в р. Зарафшон; водитель + 4 пассажира (одна семья) утонули ('ѓарќ мешавад'), итого 5; шли поисковые работы."
ЧС-2018-и0198,1,,,Найден труп в канале Гисар; '4 нафар' — спасотряд.
ЧС-2018-и0208,,,,"ДТП (Газель + Opel Astra), текст оборван, жертвы не указаны."
ЧС-2018-и0329,1,,,"Гражданин подорвался на минах и погиб (ба ҳалокат мерасад). Кутос (яки), которых он искал — животные, не считаются."
ЧС-2018-и0211,,,,"Пожар в кафе, 400 м2, 3-й этаж. Жертв среди людей в тексте нет; сумма ущерба не указана."
ЧС-2018-и0213,2,,,Двое (2005 и 1994 г.р.) утонули в канале (ѓарќ мешаванд).
ЧС-2018-и0255,,,,"ДТП грузовика Mercedes Atego; текст обрывается, исход не указан."
ЧС-2018-и0237,4,,,"Четверо несовершеннолетних во время купания в 'Бахри Тоджик'; текст обрывается, но это отчёт о массовом утоплении. Оценка по контексту."
ЧС-2018-и0241,2,,,"Пожар в доме (120 м2), двое граждан погибли (ба ҳалокат мерасанд)."
ЧС-2018-и0246,,,,"Паводок р. Сурхоб, разрушены дамбы/защитные сооружения; жертв нет, сумма ущерба не указана."
ЧС-2018-и0247,,,,ДТП фуры; исход не указан (текст обрывается).
ЧС-2018-и0251,,,,Гражданин пропал без вести (бедарак) в Мургабе — не считается погибшим.
ЧС-2018-и0267,,,,"Пожар сухой травы в лесу; 5 и 18 человек — привлечённые спасатели/личный состав, не жертвы."
ЧС-2018-и0277,,,,"Машина съехала к озеру; только водитель, исход не указан (обрыв)."
ЧС-2018-и0284,,,,"Крушение вертолёта Ми-8; есть пострадавшие (один вышел на связь), но их число не указано."
ЧС-2018-и0288,4,,,"Машина упала в р. Пяндж, водитель утонул (ѓарќ мешавад); в 'Дар натиља' указан водитель + 3 пассажира как жертвы. Текст обрывается — оценка 4."
ЧС-2018-и0289,1,,,"Из группы 11 туристов Германии один умер от инфаркта (сактаи дил). 11 — размер группы, не жертвы."
ЧС-2018-и0304,4,16,,"Столкновение Land Cruiser и Nissan Patrol: 4 погибли, 16 пассажиров госпитализированы."
ЧС-2018-и0307,,,,"ДТП, только водитель; исход обрывается ('ба љ...'), неясно погиб/ранен."
ЧС-2018-и0317,2,,,Две девочки (2012 и 2014 г.р.) утонули в канале Маргедар (ѓарќ мешаванд).
ЧС-2018-и0322,1,,,'Дар натиља 1 нафар мусофир' гражданин Узбекистана — по конвенции отчёта это погибший (текст обрывается на имени).
ЧС-2018-и0324,,,,Пожар сухой травы ~2 га; жертв нет.
ЧС-2018-и0325,,3,,Пожар цеха алюминиевой пудры; названы 3 работника РХО во время пожара (вероятно пострадали). Исход обрезан — тип точно не указан.
ЧС-2018-и0353,3,1,,"ДТП: 3 погибли на месте, 1 с тяжёлыми травмами."
ЧС-2018-и0354,,,,Столкновение 4 машин в тумане; число жертв в тексте не указано.
ЧС-2018-и0356,,,,"ДТП Чанху и RAV-4; исход обрывается ('Дар натиљаи садама, а...')."
ЧС-2018-и0360,,,,"ДТП грузовика с 18 т цианида натрия; жертв среди людей нет, сумма не указана. 18 тонн — груз."
ЧС-2018-и0365,,,,"Пропала без вести (бедарак); предположительно (гуё) утонула — не подтверждено, не считается погибшей."
ЧС-2019-и0001,1,,,Убит ножом при конфликте несовершеннолетних (ба ҳалокат).
ЧС-2019-и0019,,,,Двое граждан двигались по закрытой дороге; исход не указан (обрыв).
ЧС-2019-и0346,,,,"Ребёнок заперт в квартире; спасательная операция, жертв/пострадавших нет."
ЧС-2019-и0044,1,,,'дар натиља 1 нафар мусофир' Опель Астра — погибший по конвенции отчёта (обрыв на данных).
ЧС-2019-и0052,,,,"Лавина; 5 пассажиров спасены живыми, жертв/раненых не указано."
ЧС-2019-и0059,1,,,Взрыв при чистке резервуаров нефтепродуктов; 'Дар натиља як нафар шањрванд' — вероятно погибший (обрыв).
ЧС-2019-и0055,1,,,Бросился с моста в р. Сырдарья и утонул (ѓарќ мешавад).
ЧС-2019-и0068,,,,ДТП Опель в Дарвозе; исход не указан (обрыв).
ЧС-2019-и0069,,,,Запах газа у дома; жертв/пострадавших нет.
ЧС-2019-и0358,,,,"Подтопление: 171 жилой дом под водой/илом — это имущество, не люди. Жертв нет, сумма не указана."
ЧС-2019-и0079,,,,"ДТП бетономешалки; 'дар дохили автомашина 1...' обрывается, исход неясен."
ЧС-2019-и0084,1,,,Найдено неизвестное тело ~30-35 лет в горах — 1 погибший.
ЧС-2019-и0108,,,,"Лавины в Варзобе; '1 адад техникаи муњандиси' — техника, не люди. Жертв нет."
ЧС-2019-и0113,,,,Лавины; 4 ед. снегоуборочной техники. Жертв нет.
ЧС-2019-и0138,,,,Выброс химвещества в доме; в этом фрагменте жертв не указано.
ЧС-2019-и0139,,,,"Семья из 5 человек (1 муж, 1 жен, 3 детей) эвакуирована с 5 этажа — спасены, не жертвы."
ЧС-2019-и0144,4,,,Четверо школьников провалились под лёд и утонули (ѓарќ мешаванд).
ЧС-2019-и0160,,,,Лавина; 7 человек — спасатели. Жертв нет.
ЧС-2019-и0146,,,,Металлическая лестница при ремонте мечети; жертв в тексте не указано.
ЧС-2019-и0152,,,,"Взрыв газового баллона прицепа, пожар перекинулся на транспорт; жертв среди людей нет, сумма не указана."
ЧС-2019-и0153,,,,Машина съехала в р. Вахш (вдхр. Рогун); исход не указан (обрыв).
ЧС-2019-и0192,,,,"Пожар 1 жилого дома, 25 м2; жертв нет, сумма ущерба не указана."
ЧС-2019-и0173,2,,,"Нападение стаи волков: две женщины (1936 и 1964 г.р.) погибли на месте. Волки — животные, не считаются."
ЧС-2019-и0178,,,,"Трещины/опасность оползня у канала; превентивно, жертв нет."
ЧС-2019-и0193,,,,"Пограничный спор у Воруха, спецтехника; жертв в тексте не указано."
ЧС-2019-и0188,,,,"ДТП Опель, водитель + 3 пассажира; исход не указан (текст обрывается)."
ЧС-2019-и0197,,,,"Ветер снёс крышу 4-этажного дома; '5 нафар' — спасатели, не жертвы; пострадавших нет."
ЧС-2019-и0198,,,,"ДТП КАМАЗ, опрокидывание; исход не указан (обрыв)."
ЧС-2019-и0359,,,,"Сель повредил 35 приусадебных участков, 2 трубопровода — имущество; людей и суммы нет."
ЧС-2019-и0207,,,,"3 жителя ушли в опасное место в горах; исход не указан (обрыв), возможно пропали — не считаю."
ЧС-2019-и0222,,,,"Сход 2 лавин, дорога временно закрыта; жертв нет."
ЧС-2019-и0234,,,,"Камнепад, лёгкий ущерб 1 дому и 1 опоре ЛЭП; жертв нет ('роњ надодан ба талафоти љонї')."
ЧС-2019-и0246,,,,"Ливни, скопление воды, частичный сель; людей и суммы нет."
ЧС-2019-и0260,,,,ДТП грузовик Урал; исход не указан (обрыв).
ЧС-2019-и0268,,,,"ДТП Опель, съезд в овраг; исход не указан (обрыв)."
ЧС-2019-и0277,,,,Подъём р.Сурхоб повредил дамбы (190м и 240м) — имущество; суммы нет.
ЧС-2019-и0287,,,,"29 хозяйств под угрозой подтопления — имущество, не люди."
ЧС-2019-и0296,,,,"Камень с горы попал в авто, назван пассажир, но исход не указан (обрыв)."
ЧС-2019-и0301,,,,"Сель; гражданин Рахмонов упомянут при перегоне скота, исход не указан (обрыв)."
ЧС-2019-и0304,,,,Подъём р.Хонако повредил часть дамбы и кубики берега — имущество.
ЧС-2019-и0308,,,,"Взрыв в трубах водоотвода, повреждён проезд/дренаж — имущество; жертв нет."
ЧС-2019-и0313,,,,Оползень перекрыл селепропускной канал; жертв нет.
ЧС-2019-и0322,,,,"3 человека (подростки) упомянуты, исход не указан (обрыв)."
ЧС-2019-и0323,,,,"Камнепад перекрыл дорогу, расчищено; жертв нет."
ЧС-2019-и0382,1,,,"Утонул 1 человек (гидроцикл, р.Вахш) — 'ѓарќ шудааст'."
ЧС-2019-и0329,,,,"ДТП Тойота, водитель + 5 пассажиров; исход не указан (обрыв)."
ЧС-2019-и0330,1,,,Обнаружено тело мужчины 30-35 лет в канале Зарбадор — 1 погибший.
ЧС-2019-и0337,,,,Запах газа в закрытом коллекторе; жертв нет.
ЧС-2019-и0347,,,,ДТП Опель; исход не указан (обрыв).
ЧС-2019-и0345,,,,"ДТП Тойота, съезд с дороги; исход не указан (обрыв)."
ЧС-2019-и0353,,,,Сель повредил 18 участков и мост — имущество; '1 нафар шањрва...' исход не указан (обрыв).
ЧС-2019-и0362,,,,Сель повредил дамбы и каналы — имущество; суммы нет.
ЧС-2019-и0363,1,,,Утонул ребёнок 2015 г.р. в канале Тентак — 1 погибший.
ЧС-2019-и0364,,,,"Сель разрушил 1 дом — имущество; братья упомянуты, исход не указан (обрыв)."
ЧС-2019-и0383,1,,,Утонул 1 человек в оз.Чормагзак — 'ѓарќ мешавад'.
ЧС-2019-и0381,1,,,Упал в р.Кофарнихон и утонул — 'ѓарќ мешавад'; идёт поиск тела.
ЧС-2019-и0384,,,,"ДТП Саманд, водитель + 4 пассажира; исход не указан (обрыв)."
ЧС-2019-и0388,,38,,38 жителей с воспалительным (контактным) заболеванием осмотрены и обеспечены лекарствами — пострадавшие.
ЧС-2019-и0390,1,,,Утонул подросток 2002 г.р. в р.Кофарнихон — 1 погибший.
ЧС-2019-и0392,,,,"3 человека застряли в водозаборном колодце, спасая скот; исход не указан (обрыв)."
ЧС-2019-и0397,,,,3 человека на месте купания (Худжанд); исход не указан (обрыв).
ЧС-2019-и0398,1,3,,"Отравление CO на шахте Шуроб: 4 отравились, 1 погиб на месте, 3 госпитализированы (1 тяжёлый + 2 стабильных)."
ЧС-2019-и0399,1,,,Обнаружено тело неизвестного мужчины в р.Душанбе — 1 погибший.
ЧС-2019-и0402,,,,"Тонули 3: 1 спасён, 2 'бе ному нишон' (без вести) — по правилу без вести не считаю погибшими."
ЧС-2019-и0404,,1,,"Упал с горы при сборе анзура, получил травму ('љароњат меёбад') — 1 раненый; далее текст обрывается."
ЧС-2019-и0409,,,,"3 человека застряли в лифте, спасены — без пострадавших."
ЧС-2019-и0411,,,,Ливень и гроза повредили приусадебные участки — имущество.
ЧС-2019-и0412,,,,2 человека незаконно вошли в угольную шахту; исход не указан (обрыв).
ЧС-2019-и0415,,,,Упомянуты 2 человека (сотрудник ГКНБ + водитель Daewoo Nexia); исход не указан (обрыв).
ЧС-2019-и0421,1,,,Утонул подросток 2003 г.р. в р.Сир — 'ба ҳалокат мерасад'.
ЧС-2019-и0427,,,,"Пожар на птицеферме: погибло 300 кур — скот, не люди; суммы нет."
ЧС-2019-и0428,,,,Пожар агрегата ГЭС Норак; '5 нафар' — персонал; жертв нет.
ЧС-2019-и0431,1,,,Обнаружено тело неизвестного 15-20 лет в р.Душанбе ('6 нафар' — спасатели) — 1 погибший.
ЧС-2019-и0439,,,,"Мужчина 40-45 бросился в р.Душанбе; исход не указан (спасатели выехали, обрыв)."
ЧС-2019-и0445,1,,,Тело гражданина Голибова извлечено из р.Душанбе — 1 погибший.
ЧС-2019-и0446,,,,"2 residents trapped in elevator, rescued; no casualties."
ЧС-2019-и0447,,,,"Mudflow damaged poles, barn, 160m road, pedestrian bridge, canals, 5.17 ha farmland; no people; no somoni figure."
ЧС-2019-и0452,,,,"Flood destroyed the only cattle-crossing bridge; no casualties, no amount."
ЧС-2019-и0458,1,,,"Citizen (b.2000) in Norak, swimming-rules violation while bathing; standard drowning-death report, outcome truncated."
ЧС-2019-и0459,1,,,Child (b.2011) fell from village bridge into canal and drowned ('ѓарќ мешавад'); '7 нафар' are rescuers.
ЧС-2019-и0467,1,,,Woman (b.1997) drowned in Kofarnihon river ('ѓарќ мешавад'); '6 нафар' are rescuers.
ЧС-2019-и0469,,,,Opel-Zafira with driver + 3 passengers plunged into Varzob river; casualty count/outcome not stated.
ЧС-2019-и0473,1,,,Suicide: woman (b.1998) jumped from bridge into Zarafshon river and drowned.
ЧС-2019-и0481,,,,"Hyundai Galloper with 4 passengers; outcome truncated, no casualties stated."
ЧС-2019-и0482,,,,"Forest fire, 5 ha dry grass/trees burned; no people; no amount."
ЧС-2019-и0488,,,,Border clash near Vorukh (Kyrgyz/Tajik); casualties not stated in excerpt.
ЧС-2019-и0531,1,,,Child (b.2006) drowned in Hisor canal ('ѓарќ мешавад'); '7 нафар' are rescuers.
ЧС-2019-и0498,,,,"Two youths (b.2003, b.2010) went bathing; outcome truncated, count of drowned unclear."
ЧС-2019-и0499,,,,"Traffic accident (Toyota Corolla), Firdavsi; casualties not stated."
ЧС-2019-и0507,,,,"Rockfall road repair; equipment deployed (bulldozer, excavator); no people; machines are not casualties."
ЧС-2019-и0508,,,,"Child (b.2005) + 2 others on a float in Chubek canal; outcome truncated, count unclear."
ЧС-2019-и0515,,,,Two citizens (b.2002) at Khoja-Obi Garm resort; outcome truncated.
ЧС-2019-и0520,,,,Driver (b.1972) lost control on Dushanbe-Kulob-Darvoz km270; outcome truncated.
ЧС-2019-и0521,1,,,"Man (b.1995) drowned in Sangreza LLC lake, Rudaki ('ѓарќ мешавад')."
ЧС-2019-и0526,,,,AN-2 aircraft hard landing (technical failure) with 2 aboard; outcome not stated.
ЧС-2019-и0538,1,,,Child (b.2009) fell into Chuzi canal and drowned ('ѓарќ мешавад'); '5 нафар' are rescuers.
ЧС-2019-и0540,,,,Czech mountaineer suffered heart attack at 5350m; outcome not stated (not clearly dead/injured).
ЧС-2019-и0544,,,,Fuel-truck ('Dulon') accident with 2 passengers; outcome truncated.
ЧС-2019-и0546,,,,"Group of 4 Russian tourists + 1 local; outcome not stated ('чор нафар' are tourists, not casualties)."
ЧС-2019-и0550,,,,"Pasture fire near Qiblai Qamchi, Rudaki; firefighting; no people."
ЧС-2019-и0556,1,,,Unidentified man (~25-30) hanged himself from pedestrian bridge (suicide).
ЧС-2019-и0560,1,,,"Man (b.1963) fell into KAMAZ fuel tank and was poisoned, at the scene; death inferred, text truncated."
ЧС-2020-и0002,,,,Avalanches on Dushanbe-Khujand highway (km 52-68); machinery deployed; no casualties.
ЧС-2020-и0003,,,,"Avalanche stranded 22 passengers (rescued, not injured); not casualties."
ЧС-2020-и0006,,,,"Welfare check, homeowner not seen for days; outcome not stated."
ЧС-2020-и0007,,,,"Truck ('Shakman') accident, Rudaki; outcome not stated."
ЧС-2020-и0008,,,,"Man (b.2000) caught by avalanche from hillside, Rasht; outcome truncated."
ЧС-2020-и0009,,,,Preventive road closure (km 47-81) due to avalanche risk; no casualties.
ЧС-2020-и0013,,,,"Welfare check, homeowner not seen for days; outcome not stated; '5 нафар' are rescuers."
ЧС-2020-и0014,,,,"One resident trapped behind locked door, rescued; not a casualty."
ЧС-2020-и0017,,,,Soldier (b.2000) at military unit 0214; outcome truncated.
ЧС-2020-и0021,,,,"Train collided with passenger car (Opel Vectra), B.Ghafurov; outcome not stated."
ЧС-2020-и0029,,,,Lockout (door locked); rescue; no casualty.
ЧС-2020-и0035,,,,Lockout (door locked); rescue; no casualty.
ЧС-2020-и0060,1,1,,"Car ran over 2 pedestrians; 1 died ('ба ҳалокат', truncated), the other presumed injured."
ЧС-2020-и0037,,,,"Man (b.1998) cutting stone from mountain, rockfall onto him; outcome truncated."
ЧС-2020-и0046,,,,"4 small avalanches, Ayni km 79-80; 3 machines deployed; no casualties."
ЧС-2020-и0072,,,,"Wind eroded ~50m shore embankment, flooded ~170 ha idle land; no people; no amount."
ЧС-2020-и0056,,,,Elderly woman (b.1937) poisoned by coal smoke; outcome truncated (uncertain dead/injured).
ЧС-2020-и0066,,,,"Car (Opel Astra) lost control and hit parked truck, km185; outcome not stated."
ЧС-2020-и0069,,,,"House fire (Rajabov home), B.Ghafurov; property damage; casualties not stated; no amount."
ЧС-2020-и0075,,,,"UAZ traffic accident, Ishkoshim (Garmchashma); outcome truncated."
ЧС-2020-и0080,,,,Car collision km16 Dushanbe-Tursunzoda; outcome truncated.
ЧС-2020-и0082,,,,"Car (driver + 5 passengers) lost control, km69 Dushanbe-Khujand; outcome truncated."
ЧС-2020-и0085,,,,"Opel with 1 passenger, Ishkoshim (Vrang→Shirgin); outcome truncated."
ЧС-2020-и0087,,,,"ДТП Душанбе-Хуҷанд (Опель-Зафира и грузовик). Текст обрезан, числа жертв не указаны."
ЧС-2020-и0088,,,,"ДТП Вахдат-Рашт-Лахш (Hyundai Starex). Текст обрезан на «бо 8-», исход не указан."
ЧС-2020-и0089,,,,"Сель в Восеъ, ущерб населению и дорогам без суммы; жертв нет."
ЧС-2020-и0090,,,,"Сель в Хуросон, «хисороти калон» без конкретной суммы; жертв нет."
ЧС-2020-и0091,,,,"Сель в Рудаки, частично повреждены дома 4 хозяйств — это имущество, не люди."
ЧС-2020-и0101,,,,"ДТП Варзоб, км 34 (Опель Зафира). Текст обрезан, жертвы не указаны."
ЧС-2020-и0095,,,,"Заблокирована дверь квартиры, спасработы; жертв нет."
ЧС-2020-и0098,,,,"Заблокирована дверь квартиры, спасработы; жертв нет."
ЧС-2020-и0099,,,,"4 человека застряли в лифте — спасены, не пострадавшие."
ЧС-2020-и0103,1,2,,"Трактор МТЗ-82 в Хороге съехал в обрыв: 2 работника получили травмы, 1 погиб."
ЧС-2020-и0104,,,,Дерево упало на провода; жертв нет.
ЧС-2020-и0108,,,,Аварийное дерево с риском падения на здание; жертв нет.
ЧС-2020-и0109,,,,"Заблокирована дверь, жена с 2 детьми внутри — спасены, не пострадавшие."
ЧС-2020-и0117,,,,"Река Хонако поднялась, только угроза ущерба; жертв нет."
ЧС-2020-и0118,,,,Подросток (2003 г.р.) пропал без вести (бедарак) при выпасе скота — не погибший по правилу.
ЧС-2020-и0119,,,,"Аварийное дерево, угроза падения на дом; жертв нет."
ЧС-2020-и0123,1,,,"Ребёнок (2017 г.р.) в Рудаки упал в арык у дома, погиб (ба ҳалокат мерасад)."
ЧС-2020-и0125,,,,"Пожар в гостинице (ВМКБ), 105 м2; сумма ущерба «тақрибан 1…» обрезана; жертв нет."
ЧС-2020-и0126,,,,"Дожди в И.Сомони, обрушились стены вспомогательных построек; жертв нет."
ЧС-2020-и0128,,,,"Гражданин (1998 г.р.) при переходе через трубу/коллектор; текст обрезан, исход не указан."
ЧС-2020-и0129,,,,Сино: обрушилась ж/б плита крыши лестницы; жертв нет.
ЧС-2020-и0141,,,,"Заблокирована дверь квартиры, спасработы; жертв нет."
ЧС-2020-и0145,,,,"ДТП Айни, км 92 Такфон (Опель). Текст обрезан, жертвы не указаны."
ЧС-2020-и0148,,,,Землетрясение 4-5 баллов; жертв и суммы ущерба нет.
ЧС-2020-и0149,,,,"ДТП Деваштич, км 245 (Опель). Текст обрезан, жертвы не указаны."
ЧС-2020-и0154,1,,,Мастчох: мужчина (1950 г.р.) утонул в паводке при перегоне скота (ба ҳалокат мерасад); скот не считается.
ЧС-2020-и0158,,,,"Заблокирована дверь квартиры, спасработы; жертв нет."
ЧС-2020-и0159,,,,"ДТП Шахристон, км 191 (Портер). Текст обрезан, жертвы не указаны."
ЧС-2020-и0162,,,,"Муджун, сель: один житель (2003 г.р.) при перегоне скота; глагол исхода обрезан на «ба…» — вероятно 1 погибший, но явного слова нет, ставлю null."
ЧС-2020-и0165,,,,"Пандж: два подростка собирали песок/грунт для стройки; текст обрезан, исход не указан (2 человека)."
ЧС-2020-и0166,,,,"Под мостом лежит человек; «5 нафар» — спасательная группа, не жертвы; исход неизвестен."
ЧС-2020-и0167,,,,"Пожар дома в Айни; упомянуты дети хозяина (Зарифзода), текст обрезан, исход не указан."
ЧС-2020-и0168,,,,"Заблокирована дверь, внутри пожилая женщина (1937 г.р.), спасработы; жертв нет."
ЧС-2020-и0173,,,,"Деваштич: сель/град повредили посевы, сады и виноградники; людей нет, суммы нет."
ЧС-2020-и0176,,,,"ДТП км 278 (два Опеля). Текст обрезан на «бо», жертвы не указаны."
ЧС-2020-и0179,1,,,"Хилоли: житель (1965 г.р.) погиб под селем (ба ҳалокат расидааст). «15 нафар» — спасатели, не жертвы."
ЧС-2020-и0180,,,,Сводный отчёт Хуросон (дожди/сель/оползень 14-16 мая); конкретных чисел жертв и суммы нет.
ЧС-2020-и0181,,,,"Хуросон: мужчина (1956 г.р.) упал на 25-30 м и засыпан землёй; глагол смерти обрезан («дар нати…») — вероятно 1 погибший, но явного слова нет, null по правилу."
ЧС-2020-и0183,1,,,"Бустонкала, дер. Эргаш: мужчина (2002 г.р.) погиб от удара молнии при выпасе скота (ба ҳалокат мерасад)."
ЧС-2020-и0189,,,,"Гражданин застрял в лифте, спасработы; жертв нет."
ЧС-2020-и0191,,,,"Восеъ: девочка (2009 г.р.) пропала без вести (бедарак), по словам родителей утонула в р. Сурхоб, идут поиски (12 спасателей) — null как пропавшая без вести."
ЧС-2020-и0204,,,,"ДТП Душанбе-Дарвоз-Хоруг, км 109 (Опель Астра). Текст обрезан, жертвы не указаны."
ЧС-2020-и0221,,,,"Заблокирована металлическая дверь подъезда, спасработы; жертв нет."
ЧС-2020-и0228,,,,"Заблокирована дверь квартиры, спасработы; жертв нет."
ЧС-2020-и0231,,,,"Заблокирована металлическая дверь подъезда, спасработы; жертв нет."
